INSERT INTO Категория (Наименование,Цена_за_час)
VALUES ('Сноуборд',1500)
INSERT INTO Категория (Наименование,Цена_за_час)
VALUES ('Беговые лыжи',1000)
INSERT INTO Категория (Наименование,Цена_за_час)
VALUES ('Горные лыжи',1300)
INSERT INTO Категория (Наименование,Цена_за_час)
VALUES ('Тюбинг',500)

INSERT INTO Оборудование (Инвентарный_номер, Дефекты, Наименование)
VALUES ('С001','Отсутствуют','Сноуборд')
INSERT INTO Оборудование (Инвентарный_номер, Дефекты, Наименование)
VALUES ('С002','Отсутствуют','Сноуборд')
INSERT INTO Оборудование (Инвентарный_номер, Дефекты, Наименование)
VALUES ('С003','Отсутствуют','Сноуборд')
INSERT INTO Оборудование (Инвентарный_номер, Дефекты, Наименование)
VALUES ('С004','Отсутствуют','Сноуборд')
INSERT INTO Оборудование (Инвентарный_номер, Дефекты, Наименование)
VALUES ('С005','Отсутствуют','Сноуборд')
INSERT INTO Оборудование (Инвентарный_номер, Дефекты, Наименование)
VALUES ('С006','Отсутствуют','Сноуборд')
INSERT INTO Оборудование (Инвентарный_номер, Дефекты, Наименование)
VALUES ('С007','Отсутствуют','Сноуборд')
INSERT INTO Оборудование (Инвентарный_номер, Дефекты, Наименование)
VALUES ('С008','Отсутствуют','Сноуборд')
INSERT INTO Оборудование (Инвентарный_номер, Дефекты, Наименование)
VALUES ('С009','Отсутствуют','Сноуборд')
INSERT INTO Оборудование (Инвентарный_номер, Дефекты, Наименование)
VALUES ('С010','Отсутствуют','Сноуборд')
INSERT INTO Оборудование (Инвентарный_номер, Дефекты, Наименование)
VALUES ('С011','Отсутствуют','Сноуборд')
INSERT INTO Оборудование (Инвентарный_номер, Дефекты, Наименование)
VALUES ('С012','Отсутствуют','Сноуборд')
INSERT INTO Оборудование (Инвентарный_номер, Дефекты, Наименование)
VALUES ('С013','Отсутствуют','Сноуборд')
INSERT INTO Оборудование (Инвентарный_номер, Дефекты, Наименование)
VALUES ('С014','Отсутствуют','Сноуборд')
INSERT INTO Оборудование (Инвентарный_номер, Дефекты, Наименование)
VALUES ('С015','Отсутствуют','Сноуборд')
INSERT INTO Оборудование (Инвентарный_номер, Дефекты, Наименование)
VALUES ('БЛ001','Отсутствуют','Беговые лыжи')
INSERT INTO Оборудование (Инвентарный_номер, Дефекты, Наименование)
VALUES ('БЛ002','Отсутствуют','Беговые лыжи')
INSERT INTO Оборудование (Инвентарный_номер, Дефекты, Наименование)
VALUES ('БЛ003','Отсутствуют','Беговые лыжи')
INSERT INTO Оборудование (Инвентарный_номер, Дефекты, Наименование)
VALUES ('БЛ004','Отсутствуют','Беговые лыжи')
INSERT INTO Оборудование (Инвентарный_номер, Дефекты, Наименование)
VALUES ('БЛ005','Отсутствуют','Беговые лыжи')
INSERT INTO Оборудование (Инвентарный_номер, Дефекты, Наименование)
VALUES ('БЛ006','Отсутствуют','Беговые лыжи')
INSERT INTO Оборудование (Инвентарный_номер, Дефекты, Наименование)
VALUES ('БЛ007','Отсутствуют','Беговые лыжи')
INSERT INTO Оборудование (Инвентарный_номер, Дефекты, Наименование)
VALUES ('БЛ008','Отсутствуют','Беговые лыжи')
INSERT INTO Оборудование (Инвентарный_номер, Дефекты, Наименование)
VALUES ('БЛ009','Отсутствуют','Беговые лыжи')
INSERT INTO Оборудование (Инвентарный_номер, Дефекты, Наименование)
VALUES ('БЛ010','Отсутствуют','Беговые лыжи')
INSERT INTO Оборудование (Инвентарный_номер, Дефекты, Наименование)
VALUES ('БЛ011','Отсутствуют','Беговые лыжи')
INSERT INTO Оборудование (Инвентарный_номер, Дефекты, Наименование)
VALUES ('БЛ012','Отсутствуют','Беговые лыжи')
INSERT INTO Оборудование (Инвентарный_номер, Дефекты, Наименование)
VALUES ('БЛ013','Отсутствуют','Беговые лыжи')
INSERT INTO Оборудование (Инвентарный_номер, Дефекты, Наименование)
VALUES ('БЛ014','Отсутствуют','Беговые лыжи')
INSERT INTO Оборудование (Инвентарный_номер, Дефекты, Наименование)
VALUES ('БЛ015','Отсутствуют','Беговые лыжи')
INSERT INTO Оборудование (Инвентарный_номер, Дефекты, Наименование)
VALUES ('ГЛ001','Отсутствуют','Горные лыжи')
INSERT INTO Оборудование (Инвентарный_номер, Дефекты, Наименование)
VALUES ('ГЛ002','Отсутствуют','Горные лыжи')
INSERT INTO Оборудование (Инвентарный_номер, Дефекты, Наименование)
VALUES ('ГЛ003','Отсутствуют','Горные лыжи')
INSERT INTO Оборудование (Инвентарный_номер, Дефекты, Наименование)
VALUES ('ГЛ004','Отсутствуют','Горные лыжи')
INSERT INTO Оборудование (Инвентарный_номер, Дефекты, Наименование)
VALUES ('ГЛ005','Отсутствуют','Горные лыжи')
INSERT INTO Оборудование (Инвентарный_номер, Дефекты, Наименование)
VALUES ('ГЛ006','Отсутствуют','Горные лыжи')
INSERT INTO Оборудование (Инвентарный_номер, Дефекты, Наименование)
VALUES ('ГЛ007','Отсутствуют','Горные лыжи')
INSERT INTO Оборудование (Инвентарный_номер, Дефекты, Наименование)
VALUES ('ГЛ008','Отсутствуют','Горные лыжи')
INSERT INTO Оборудование (Инвентарный_номер, Дефекты, Наименование)
VALUES ('ГЛ009','Отсутствуют','Горные лыжи')
INSERT INTO Оборудование (Инвентарный_номер, Дефекты, Наименование)
VALUES ('ГЛ010','Отсутствуют','Горные лыжи')
INSERT INTO Оборудование (Инвентарный_номер, Дефекты, Наименование)
VALUES ('ГЛ011','Отсутствуют','Горные лыжи')
INSERT INTO Оборудование (Инвентарный_номер, Дефекты, Наименование)
VALUES ('ГЛ012','Отсутствуют','Горные лыжи')
INSERT INTO Оборудование (Инвентарный_номер, Дефекты, Наименование)
VALUES ('ГЛ013','Отсутствуют','Горные лыжи')
INSERT INTO Оборудование (Инвентарный_номер, Дефекты, Наименование)
VALUES ('ГЛ014','Отсутствуют','Горные лыжи')
INSERT INTO Оборудование (Инвентарный_номер, Дефекты, Наименование)
VALUES ('ГЛ015','Отсутствуют','Горные лыжи')
INSERT INTO Оборудование (Инвентарный_номер, Дефекты, Наименование)
VALUES ('Т001','Отсутствуют','Тюбинг')
INSERT INTO Оборудование (Инвентарный_номер, Дефекты, Наименование)
VALUES ('Т002','Отсутствуют','Тюбинг')
INSERT INTO Оборудование (Инвентарный_номер, Дефекты, Наименование)
VALUES ('Т003','Отсутствуют','Тюбинг')
INSERT INTO Оборудование (Инвентарный_номер, Дефекты, Наименование)
VALUES ('Т004','Отсутствуют','Тюбинг')
INSERT INTO Оборудование (Инвентарный_номер, Дефекты, Наименование)
VALUES ('Т005','Отсутствуют','Тюбинг')
INSERT INTO Оборудование (Инвентарный_номер, Дефекты, Наименование)
VALUES ('Т006','Отсутствуют','Тюбинг')
INSERT INTO Оборудование (Инвентарный_номер, Дефекты, Наименование)
VALUES ('Т007','Отсутствуют','Тюбинг')
INSERT INTO Оборудование (Инвентарный_номер, Дефекты, Наименование)
VALUES ('Т008','Отсутствуют','Тюбинг')
INSERT INTO Оборудование (Инвентарный_номер, Дефекты, Наименование)
VALUES ('Т009','Отсутствуют','Тюбинг')
INSERT INTO Оборудование (Инвентарный_номер, Дефекты, Наименование)
VALUES ('Т010','Отсутствуют','Тюбинг')
INSERT INTO Оборудование (Инвентарный_номер, Дефекты, Наименование)
VALUES ('Т011','Отсутствуют','Тюбинг')
INSERT INTO Оборудование (Инвентарный_номер, Дефекты, Наименование)
VALUES ('Т012','Отсутствуют','Тюбинг')
INSERT INTO Оборудование (Инвентарный_номер, Дефекты, Наименование)
VALUES ('Т013','Отсутствуют','Тюбинг')
INSERT INTO Оборудование (Инвентарный_номер, Дефекты, Наименование)
VALUES ('Т014','Отсутствуют','Тюбинг')
INSERT INTO Оборудование (Инвентарный_номер, Дефекты, Наименование)
VALUES ('Т015','Отсутствуют','Тюбинг')
INSERT INTO Оборудование (Инвентарный_номер, Дефекты, Наименование)
VALUES ('Т016','Отсутствуют','Тюбинг')
INSERT INTO Оборудование (Инвентарный_номер, Дефекты, Наименование)
VALUES ('Т017','Отсутствуют','Тюбинг')
INSERT INTO Оборудование (Инвентарный_номер, Дефекты, Наименование)
VALUES ('Т018','Отсутствуют','Тюбинг')
INSERT INTO Оборудование (Инвентарный_номер, Дефекты, Наименование)
VALUES ('Т019','Отсутствуют','Тюбинг')
INSERT INTO Оборудование (Инвентарный_номер, Дефекты, Наименование)
VALUES ('Т020','Отсутствуют','Тюбинг')

INSERT INTO Клиенты (Фамилия,Имя,Отчество,Дата_Рождения,Телефон,Электронная_почта)
VALUES ('Иванов','Иван','Иванович','1985-01-01','+7-999-555-22-11','ivan.ivanov@gmail.com')
INSERT INTO Клиенты (Фамилия,Имя,Отчество,Дата_Рождения,Телефон,Электронная_почта)
VALUES ('Петров','Петр','Петрович','1995-05-07','+7-999-444-33-11','abc@gmail.com')
INSERT INTO Клиенты (Фамилия,Имя,Дата_Рождения,Телефон,Электронная_почта)
VALUES ('Петров','Иван','2000-08-25','+7-999-123-45-76','qwerty@gmail.com')

INSERT INTO Чек (Дата,Срок_аренды,ID_карты)
VALUES ('2022-12-30T15:38:00',3,'1')
INSERT INTO Строка_чека (Инвентарный_номер,Номер,Дата)
VALUES ('С001',1,'2022-12-30T15:38:00')
INSERT INTO Строка_чека (Инвентарный_номер,Номер,Дата)
VALUES ('С002',1,'2022-12-30T15:38:00')
INSERT INTO Строка_чека (Инвентарный_номер,Номер,Дата)
VALUES ('С003',1,'2022-12-30T15:38:00')

INSERT INTO Чек (Дата,Срок_аренды,ID_карты)
VALUES ('2023-01-02T15:58:00',2,'2')
INSERT INTO Строка_чека (Инвентарный_номер,Номер,Дата)
VALUES ('Т001',2,'2023-01-02T15:58:00')
INSERT INTO Строка_чека (Инвентарный_номер,Номер,Дата)
VALUES ('Т002',2,'2023-01-02T15:58:00')

INSERT INTO Чек (Дата,Срок_аренды,ID_карты)
VALUES ('2023-01-02T16:00:00',2,'3')
INSERT INTO Строка_чека (Инвентарный_номер,Номер,Дата)
VALUES ('Т003',3,'2023-01-02T16:00:00')
INSERT INTO Строка_чека (Инвентарный_номер,Номер,Дата)
VALUES ('Т004',3,'2023-01-02T16:00:00')

INSERT INTO Чек (Дата,Срок_аренды)
VALUES ('2023-01-02T16:10:00',3)
INSERT INTO Строка_чека (Инвентарный_номер,Номер,Дата)
VALUES ('БЛ001',4,'2023-01-02T16:10:00')

INSERT INTO Чек (Дата,Срок_аренды)
VALUES ('2023-01-02T16:50:00',2)
INSERT INTO Строка_чека (Инвентарный_номер,Номер,Дата)
VALUES ('БЛ002',5,'2023-01-02T16:50:00')

INSERT INTO Чек (Дата,Срок_аренды,ID_карты)
VALUES ('2023-01-03T15:00:00',3,'1')
INSERT INTO Строка_чека (Инвентарный_номер,Номер,Дата)
VALUES ('С004',6,'2023-01-03T15:00:00')
INSERT INTO Строка_чека (Инвентарный_номер,Номер,Дата)
VALUES ('С005',6,'2023-01-03T15:00:00')
INSERT INTO Строка_чека (Инвентарный_номер,Номер,Дата)
VALUES ('С006',6,'2023-01-03T15:00:00')
